{"7a7fd0451176fee05ec87a0a1eb77c19ba82ba71545f4a760e8e5de10ecbff5c": {"owner": "34e51258c6d3406bac526fd5f46bc3ce", "file_hash": "a93d0ceb64e480360c980841f1a073d142d5eff3b698a39daf03f4ed47478382", "metadata": "{\"name\": \"kuhlertfls_Commits_1 (1)\", \"description\": \"1\", \"category\": \"Healthcare\", \"tags\": [], \"format\": \"JSON\", \"size\": \"0.0 MB\", \"original_filename\": \"kuhlertfls_Commits_1_1.csv\", \"upload_date\": \"2025-05-31\", \"last_updated\": \"2025-05-31\"}", "encrypted": true}, "3e358bab8d7ccceb7f4b0357cc7ad243738c19d9471b4c8ef8ebd1de9915a759": {"owner": "e10180e1fcf042fe8666d3651702867b", "file_hash": "34bf63ae5956aa96e7acf98d5485689aa1447959cde29d632c802abd622183c2", "metadata": "{\"name\": \"Howdoesasmartcontractwork1\", \"description\": \"1\", \"category\": \"Computer Vision\", \"tags\": [], \"format\": \"\", \"size\": \"0.16 MB\", \"original_filename\": \"Howdoesasmartcontractwork1.jpg\", \"upload_date\": \"2025-05-31\", \"last_updated\": \"2025-05-31\"}", "encrypted": true}, "3bc2588321f4dd53b18b29fc231bd629a3308e10f29a71465b21966c7ae847f6": {"owner": "34e51258c6d3406bac526fd5f46bc3ce", "file_hash": "610b349bac6cc98e843c7f1eeba3bac9162d0b4a826b02adc60335f575df8c52", "metadata": "{\"name\": \"kuhlertfls_Commits (2)\", \"description\": \"1\", \"category\": \"Natural Language Processing\", \"tags\": [], \"format\": \"\", \"size\": \"0.0 MB\", \"original_filename\": \"kuhlertfls_Commits_2.csv\", \"upload_date\": \"2025-05-31\", \"last_updated\": \"2025-05-31\"}", "encrypted": true}, "f46389ade4ccdb7d158fae7bce4bc69e014142794e927bb9e3d6bd644d9ce3e4": {"owner": "34e51258c6d3406bac526fd5f46bc3ce", "file_hash": "915aacd32d82699b09a97fe9d66869514a7fb94b655556be66bcacc769404e8f", "metadata": "{\"name\": \"kuhlertfls_Commits_1_1 (1)\", \"description\": \"das sind meine commits auf github\", \"category\": \"Other\", \"tags\": [], \"format\": \"\", \"size\": \"0.0 MB\", \"original_filename\": \"kuhlertfls_Commits_1_1_1.csv\", \"upload_date\": \"2025-06-11\", \"last_updated\": \"2025-06-11\"}", "encrypted": true}, "9bcceb39ac3eb49dedc6cd7dad8d4ce51e39ce21ed069d6005243ee62955fe14": {"owner": "ddbedc4e6df948c2a322b788dc48bcd3", "file_hash": "9d5d310c90a4d3b2dbcada5ad4242fed05affdcc8132bdae83c6f7b190ee8655", "metadata": "{\"name\": \"kuhlertfls_Commits_1_1 (1)\", \"description\": \"1\", \"category\": \"Other\", \"tags\": [], \"format\": \"CSV\", \"size\": \"0.0 MB\", \"original_filename\": \"kuhlertfls_Commits_1_1_1.csv\", \"upload_date\": \"2025-06-11\", \"last_updated\": \"2025-06-11\"}", "encrypted": true}, "79188589898b6a6433303b17e44361b3a12b6c8d450deb452f01750cebe00ac8": {"owner": "test_user_12345", "file_hash": "34f94302a7fbb46c482efd6c9c89526e25b684dfbc3266310c7174a1c28f2f8d", "metadata": "{\"name\": \"Test Dataset\", \"description\": \"Validation test data\", \"format\": \"text/plain\", \"category\": \"test\"}", "encrypted": true}, "576509ee1ba7255adf4da17d2f0e19188bb13f34ec0cb5e9e1ca804c65d6e7f5": {"owner": "seller_12345", "file_hash": "e82524f9740ef014e5e1624846aa40463e4b371796d545756f11034e7e749e43", "metadata": "{\"name\": \"Test KI-Datensatz\", \"description\": \"Testdaten f\\u00fcr Machine Learning\", \"format\": \"text/plain\", \"category\": \"test\", \"size\": 136}", "encrypted": true}, "2c76f10e0bb4d3bde9f9bb1ea91fd16b1943b97659a3d1964d34907c8a9b0ffe": {"owner": "seller_12345", "file_hash": "5dd51a3d14b653b2622115db2c3dfd0a89f2d01f38d07940fe3b19536721326b", "metadata": "{\"name\": \"Test KI-Datensatz\", \"description\": \"Testdaten f\\u00fcr Machine Learning\", \"format\": \"text/plain\", \"category\": \"test\", \"size\": 136}", "encrypted": true}, "794d6d85a3c0e21ac22fc6c641ac1a2372a63cb1da7b8136aacc2fd11bd854f7": {"owner": "34e51258c6d3406bac526fd5f46bc3ce", "file_hash": "a4c4bb63a01987f8e62ef690fb862d26d98c416b796adb4fdc4fd956ba19f84a", "metadata": "{\"name\": \"Howdoesasmartcontractwork1 (1)\", \"description\": \"322\", \"category\": \"Business Analytics\", \"tags\": [], \"format\": \"\", \"size\": \"0.16 MB\", \"original_filename\": \"Howdoesasmartcontractwork1_1.jpg\", \"upload_date\": \"2025-06-11\", \"last_updated\": \"2025-06-11\"}", "encrypted": true}, "4250d25e2c248926e1f9a94591fd316a7d584c149409a3abdeb3c607bcaa0e36": {"owner": "34e51258c6d3406bac526fd5f46bc3ce", "file_hash": "a0e13d87f8ed6c8e5a0b8e1f8e0a145a2d418a55368079fa047f8706175f4071", "metadata": "{\"name\": \"test_model\", \"description\": \"tetsmodell upload\", \"category\": \"Business Analytics\", \"tags\": [], \"format\": \"\", \"size\": \"0.0 MB\", \"original_filename\": \"test_model.pkl\", \"upload_date\": \"2025-06-26\", \"last_updated\": \"2025-06-26\", \"framework\": \"PyTorch\", \"model_type\": \"Regression\"}", "type": "model", "encrypted": true}, "9048b5b25f0d9e1b9ca8f7880e161321c803eff16a63f1beeefc5b878cdcda41": {"owner": "34e51258c6d3406bac526fd5f46bc3ce", "file_hash": "5a5b88b4c091a7fd4ac3cc16b9ceaee3ed1641b1d88608b252c1cdb9c30dae01", "metadata": "{\"name\": \"kuhlertfls_Commits_1_1 (1)\", \"description\": \"dsa\", \"category\": \"Finance\", \"tags\": [], \"format\": \"\", \"size\": \"0.0 MB\", \"original_filename\": \"kuhlertfls_Commits_1_1_1.csv\", \"upload_date\": \"2025-06-26\", \"last_updated\": \"2025-06-26\"}", "encrypted": true}, "1404414569c0f658fe50c35fd22d29dc25c4e0e3c101e4adcc81b837088d92f8": {"owner": "ddbedc4e6df948c2a322b788dc48bcd3", "file_hash": "12ec82bd8fababda0472771198521a94ad853645b5c8fcd4ae220280ae5aefa0", "metadata": "{\"name\": \"test_model\", \"description\": \"test ml regression modell\", \"category\": \"Healthcare\", \"tags\": [], \"format\": \"\", \"size\": \"0.0 MB\", \"original_filename\": \"test_model.pkl\", \"upload_date\": \"2025-06-26\", \"last_updated\": \"2025-06-26\", \"framework\": \"TensorFlow\", \"model_type\": \"Regression\"}", "type": "model", "encrypted": true}, "24ad501c58699810e157c0d25ff3f71165d3f562b1db2daec73e89135a94dcc0": {"owner": "34e51258c6d3406bac526fd5f46bc3ce", "file_hash": "0ec5cb43947e8e6d4d96f54acb3a21cb939d74bc8e44cb6a0fee93cbbc31f1b8", "metadata": "{\"name\": \"kuhlertfls_Commits_1_1_1 (1)\", \"description\": \"dfsdf\", \"category\": \"Healthcare\", \"tags\": [], \"format\": \"\", \"size\": \"0.0 MB\", \"original_filename\": \"kuhlertfls_Commits_1_1_1_1.csv\", \"upload_date\": \"2025-06-26\", \"last_updated\": \"2025-06-26\"}", "encrypted": true}, "1d09868e1797f8539dc951f251f8a3e343b4156d48ee5c45dfb1f5aba8823aa0": {"owner": "ddbedc4e6df948c2a322b788dc48bcd3", "file_hash": "d056d0074ff37acda6d981918150090fcb97148af1027f1b718ec30b4569016e", "metadata": "{\"name\": \"kuhlertfls_Commits_1_1_1_1 (1)\", \"description\": \"1\", \"category\": \"Finance\", \"tags\": [], \"format\": \"\", \"size\": \"0.0 MB\", \"original_filename\": \"kuhlertfls_Commits_1_1_1_1_1.csv\", \"upload_date\": \"2025-06-26\", \"last_updated\": \"2025-06-26\"}", "encrypted": true}, "600423ac5284969765dc367b7b5c2abdd5b8996098b6e7eb814d3708eab52705": {"owner": "ddbedc4e6df948c2a322b788dc48bcd3", "file_hash": "a86125e3f270ddc9dd09fe247eb37251aca43d627ef86aa0d457dab633714f37", "metadata": "{\"name\": \"kuhlertfls_Commits_1_1_1 (1)\", \"description\": \"1\", \"category\": \"Computer Vision\", \"tags\": [], \"format\": \"\", \"size\": \"0.0 MB\", \"original_filename\": \"kuhlertfls_Commits_1_1_1_1.csv\", \"upload_date\": \"2025-06-26\", \"last_updated\": \"2025-06-26\"}", "encrypted": true}}